Model,ROUGE-1 F1,ROUGE-2 F1,ROUGE-L F1,Inference Time,Model Size,TOPSIS Score
microsoft/DialoGPT-small,0.2041166380789022,0.12605042016806722,0.2041166380789022,0.19386541843414307,500.0,0.9126529652129968
google/flan-t5-small,0.21296978629329405,0.08771929824561403,0.21296978629329405,0.5595967769622803,500.0,0.7952801523730909
gpt2,0.23025583982202447,0.10045248868778281,0.20875046347793846,3.036630392074585,500.0,0.7307808800041588
EleutherAI/gpt-neo-125M,0.17351531871642223,0.08161708619374522,0.17351531871642223,3.097954511642456,500.0,0.6181988020144605
facebook/opt-125m,0.16930541368743618,0.06923282544774126,0.15794177732379983,2.8313103914260864,500.0,0.592801005376024
bigscience/bloom-560m,0.19975301018832975,0.08993506493506494,0.17489966038900895,11.391385674476624,500.0,0.15123520036912752
